{
  "precision_at_1_mean": 1.0,
  "precision_at_1_std": 0.0,
  "precision_at_1_min": 1.0,
  "precision_at_1_max": 1.0,
  "precision_at_3_mean": 0.6666666666666666,
  "precision_at_3_std": 0.0,
  "precision_at_3_min": 0.6666666666666666,
  "precision_at_3_max": 0.6666666666666666,
  "precision_at_5_mean": 0.5833333333333334,
  "precision_at_5_std": 0.11785113019775792,
  "precision_at_5_min": 0.5,
  "precision_at_5_max": 0.75,
  "precision_at_10_mean": 0.5833333333333334,
  "precision_at_10_std": 0.11785113019775792,
  "precision_at_10_min": 0.5,
  "precision_at_10_max": 0.75,
  "recall_at_3_mean": 0.6666666666666666,
  "recall_at_3_std": 0.0,
  "recall_at_3_min": 0.6666666666666666,
  "recall_at_3_max": 0.6666666666666666,
  "recall_at_5_mean": 0.7777777777777777,
  "recall_at_5_std": 0.15713484026367724,
  "recall_at_5_min": 0.6666666666666666,
  "recall_at_5_max": 1.0,
  "recall_at_10_mean": 0.7777777777777777,
  "recall_at_10_std": 0.15713484026367724,
  "recall_at_10_min": 0.6666666666666666,
  "recall_at_10_max": 1.0,
  "mrr_mean": 1.0,
  "mrr_std": 0.0,
  "mrr_min": 1.0,
  "mrr_max": 1.0,
  "ndcg_at_5_mean": 0.7917680538524795,
  "ndcg_at_5_std": 0.0845965272196571,
  "ndcg_at_5_min": 0.7039180890341347,
  "ndcg_at_5_max": 0.9060254355346823,
  "map_at_5_mean": 0.6759259259259259,
  "map_at_5_std": 0.10227186127025241,
  "map_at_5_min": 0.5555555555555555,
  "map_at_5_max": 0.8055555555555555,
  "answer_relevancy_score_mean": 0.0,
  "answer_relevancy_score_std": 0.0,
  "answer_relevancy_score_min": 0.0,
  "answer_relevancy_score_max": 0.0,
  "faithfulness_score_mean": 0.0,
  "faithfulness_score_std": 0.0,
  "faithfulness_score_min": 0.0,
  "faithfulness_score_max": 0.0,
  "context_precision_score_mean": 0.0,
  "context_precision_score_std": 0.0,
  "context_precision_score_min": 0.0,
  "context_precision_score_max": 0.0,
  "context_recall_score_mean": 0.0,
  "context_recall_score_std": 0.0,
  "context_recall_score_min": 0.0,
  "context_recall_score_max": 0.0,
  "exact_match_mean": 0.0,
  "exact_match_std": 0.0,
  "exact_match_min": 0.0,
  "exact_match_max": 0.0,
  "semantic_similarity_mean": 0.737640507426755,
  "semantic_similarity_std": 0.07447796215319408,
  "semantic_similarity_min": 0.6537803322906174,
  "semantic_similarity_max": 0.8347616589394622,
  "bleu_score_mean": 0.16036231238129195,
  "bleu_score_std": 0.0450396297992286,
  "bleu_score_min": 0.10280373831775702,
  "bleu_score_max": 0.21276595744680848,
  "rouge_l_score_mean": 0.15487371627722504,
  "rouge_l_score_std": 0.05128688480636532,
  "rouge_l_score_min": 0.09569377990430622,
  "rouge_l_score_max": 0.2207792207792208,
  "overall_score_mean": 0.43457865681382984,
  "overall_score_std": 0.0376623917389797,
  "overall_score_min": 0.39428720697014397,
  "overall_score_max": 0.48489279119608114
}